item_id,stratum,question_id,question,A,B,C,D,gold_answer,verdict,comment
distractor_similarity:911,distractor_similarity,911,"Hint: Please answer the question and provide the correct option letter, e.g., A, B, C, D, at the end.
Question: Subtract all large brown matte balls. Subtract all blue cylinders. How many objects are left?",0,2,1,3,B,,
visual_dependency:1497,visual_dependency,1497,Which stage represents the adult alligator?,D,C,A,B,C,,
visual_dependency:1332,visual_dependency,1332,"Select for the following pharmacokinetic phenomena <image 1> <image 2> <image 3>, the relevant optical representation. Transdermal absorption by active transport",Graph 1,Graph 2,Graph 3,,A,,
consensus_error:1393,consensus_error,1393,Which region in the diagram represents the descending colon?,c,l,a,o,C,,
distractor_similarity:1114,distractor_similarity,1114,"Hint: Please answer the question and provide the correct option letter, e.g., A, B, C, D, at the end.
Question: The derivative of f(x) at x=0 is ____ that at x=5",larger than,equal to,smaller than,,C,,
consensus_error:905,consensus_error,905,Which direction of sunlight is being shown in the diagram?,Going to the right,downards,Going to the left,upwards,C,,
distractor_similarity:1244,distractor_similarity,1244,"Suppose that your demand schedule for DVDs is as follows: <image 1> what is your price elasticity of demand as the price of DVDs increases from $8 to $10 if your income is $12,000?",0.17,0.27,0.37,0.47,D,,
distractor_similarity:602,distractor_similarity,602,Which image is more brightful?,The first image,The second image,,,B,,
distractor_similarity:892,distractor_similarity,892,"Hint: Please answer the question and provide the correct option letter, e.g., A, B, C, D, at the end.
Question: At Bloomington Consulting, the head of human resources examined how the number of employees with health care benefits varied in response to policy changes. According to the table, what was the rate of change between 2014 and 2015? (Unit: employees per year)",-1,1,0,-2,A,,
distractor_similarity:824,distractor_similarity,824,"Hint: Please answer the question and provide the correct option letter, e.g., A, B, C, D, at the end.
Question: How many objects are preferred by more than 7 people in at least one category?",0,1,3,4,C,,
visual_dependency:1447,visual_dependency,1447,Which part of the diagram is above sea level?,B,G,C,A,C,,
consensus_error:809,consensus_error,809,Which of these is spherical?,B,none of the above,A,D,D,,
visual_dependency:868,visual_dependency,868,Which can be the associated text with this image posted on twitter,"if anyone has super mario maker 2, make sure to stop by my account and play a few of my levels. most of these levels are from 4-1 years ago, tho, i do have a super world in the works!",2017年10月27日発売のNintendo Switchソフト『スーパーマリオ オデッセイ』の公式アカウントです。3Dマリオ最新作『スーパーマリオ オデッセイ』に関するゲーム情報やお知らせをディレクターの元倉がお伝えします。 ※ご質問・お問い合わせにはお答えしておりませんのでご容赦ください。,happy tears of the kingdom day!! #kirby #zelda,See You In July - Kirby Gamble Galaxy Stories #Kirby #Nintendo #Gamedev #GameDesign #カービィ #星のカービィ #Fangame #Fanart #IndieDev #GameMaker #gamedevelopment #Fanart,A,,
distractor_similarity:890,distractor_similarity,890,What is the intended outcome in this image?,She will lose leg muscle,She will maintain her current leg muscle size,She will grow her leg muscle,She will undergo surgery to reduce leg muscle,C,,
visual_dependency:1256,visual_dependency,1256,What letter represents oxygen?,G,C,F,A,B,,
visual_dependency:65,visual_dependency,65,What is the dominant color in the image?,Yellow,Black,Red,Green,B,,
distractor_similarity:1126,distractor_similarity,1126,"Hint: Please answer the question and provide the correct option letter, e.g., A, B, C, D, at the end.
Question: An author recorded how many words she wrote in the past 3 days. How many words in total did the author write on Thursday and Friday? (Unit: words)",456,567,679,789,C,,
visual_dependency:1038,visual_dependency,1038,Which operation of fractions is represented by this formula?,Add,Subtract,Multiply,Devide,B,,
distractor_similarity:1415,distractor_similarity,1415,<image 1>A beam of light passes from medium 1 to medium 2 to medium 3 as shown in the diagram. What may be concluded about the speed of light in each medium?,v_3 > v_1 > v_2,v_1 > v_2 > v_3,v_1 > v_3 < v_2,v_2 > v_3 > v_1,A,,
visual_dependency:217,visual_dependency,217,Which one is the correct caption of this image?,a messy bed room a bed a chair and boxes,A woman laying in bed next to a large stuffed animal.,A tennis player resting on the floor under a hat.,Odd plant and flower arrangement in a vase.,A,,
consensus_error:859,consensus_error,859,How many predators does the shrimp have?,4,5,1,2,D,,
visual_dependency:162,visual_dependency,162,what style is depicted in this image?,impressionism,post-Impressionism,modernism,dadaism,A,,
consensus_error:123,consensus_error,123,Where is the exit in the image?,To the left of the green exit sign,To the right of the green exit sign,Behind the green exit sign with an arrow pointing to the left,Not visible in the image,A,,
visual_dependency:673,visual_dependency,673,Which solution has a higher concentration of blue particles?,Solution B,neither; their concentrations are the same,Solution A,,A,,
visual_dependency:645,visual_dependency,645,Which property do these three objects have in common?,bumpy,bouncy,shiny,,A,,
visual_dependency:238,visual_dependency,238,Which category does this image belong to?,remote sense image,photo,painting,map,D,,
distractor_similarity:384,distractor_similarity,384,How many people are visible in the image?,One,Two,Four,Three,B,,
distractor_similarity:1474,distractor_similarity,1474,Think about the magnetic force between the magnets in each pair. Which of the following statements is true?,The magnitude of the magnetic force is the same in both pairs.,The magnitude of the magnetic force is greater in Pair 2.,The magnitude of the magnetic force is greater in Pair 1.,,B,,
distractor_similarity:123,distractor_similarity,123,Where is the exit in the image?,To the left of the green exit sign,To the right of the green exit sign,Behind the green exit sign with an arrow pointing to the left,Not visible in the image,A,,
distractor_similarity:303,distractor_similarity,303,How many white jugs are on the nightstand?,0,3,2,1,A,,
consensus_error:269,consensus_error,269,What is the subject of the image?,Green exit sign with an arrow pointing to the right,Sign of a toilet on the roof of a building,Green exit sign with a directional arrow,Green exit sign with an arrow pointing to the left,D,,
consensus_error:1281,consensus_error,1281,Which letter represents the part of the life cycle in which the plant flowers?,B,F,A,K,A,,
visual_dependency:1357,visual_dependency,1357,What is the oxygen represented by in the diagram?,D,C,B,none of the above,B,,
distractor_similarity:511,distractor_similarity,511,Which of the following statements match the image?,A yellow triangle is below a red rectangle.,A cross is above a cyan shape.,A rectangle is above a cyan shape.,A cyan rectangle is below a red shape.,C,,
consensus_error:251,consensus_error,251,How many people are playing music in the image?,One,Two,Three,Four,D,,
consensus_error:857,consensus_error,857,Which action is performed in this image?,singing,abseiling,paragliding,celebrating,C,,
visual_dependency:80,visual_dependency,80,What is the dominant color of the clothing worn by people in the image?,White,Green,Red,Blue,A,,
visual_dependency:90,visual_dependency,90,What is the dominant color in the picture?,Pink,Gray,Blue,Green,D,,
visual_dependency:628,visual_dependency,628,which stage denotes larvae ?,A,B,C,D,A,,
visual_dependency:886,visual_dependency,886,"In nature, what's the relationship between these two creatures?",Predatory relationships,Competitive relationships,Parasitic relationships,Symbiotic relationship,B,,
visual_dependency:911,visual_dependency,911,"Hint: Please answer the question and provide the correct option letter, e.g., A, B, C, D, at the end.
Question: Subtract all large brown matte balls. Subtract all blue cylinders. How many objects are left?",0,2,1,3,B,,
consensus_error:1337,consensus_error,1337,What is the name of the stage at letter B?,crescent moon,new moon,full moon,waxing gibbous,D,,
consensus_error:507,consensus_error,507,"Hint: Please answer the question and provide the correct option letter, e.g., A, B, C, D, at the end.
Question: What is the age gap between these two people in image? (Unit: years)",4,5,6,2,C,,
visual_dependency:236,visual_dependency,236,what style is this painting?,ink wash painting,watercolor painting,gouache painting,pen and ink,D,,
consensus_error:1351,consensus_error,1351,"If the shaft is subjected to an axial force of 5 kN, determine the bearing stress acting on the collar A. <image 1>",1.00 MPa,1.11 MPa,1.01 MPa,1.10 MPa,D,,
distractor_similarity:255,distractor_similarity,255,Which image shows the highest contrast?,upper left,upper right,down left,down right,A,,
consensus_error:885,consensus_error,885,What is the man in the suit doing on the soccer field?,Playing soccer,Coaching the team,Celebrating with the team,Refereeing the game,C,,
visual_dependency:340,visual_dependency,340,What color is the ribbon that the man on the right is holding?,Red,Green,Yellow,Blue,B,,
distractor_similarity:1190,distractor_similarity,1190,"Hint: Please answer the question and provide the correct option letter, e.g., A, B, C, D, at the end.
Question: As shown in the figure, AB is the diameter of ⊙O, point C is a point on ⊙O, ∠C = 20.0, then the degree of ∠BOC is ()",20°,30°,40°,60°,C,,
distractor_similarity:664,distractor_similarity,664,Which option describe the object relationship in the image correctly?,The sink contains the cat.,The cat is beside the microwave.,The cat is at the edge of the sink.,The book is beside the cat.,A,,
distractor_similarity:1269,distractor_similarity,1269,Think about the magnetic force between the magnets in each pair. Which of the following statements is true?,The magnetic force is weaker in Pair 2.,The strength of the magnetic force is the same in both pairs.,The magnetic force is weaker in Pair 1.,,C,,
consensus_error:826,consensus_error,826,What is the common reaction of the crowd towards the soccer match?,Boredom,Confusion,Disappointment,Excitement,C,,
consensus_error:1279,consensus_error,1279,"In <image 1>, let circuit element X be a 2-ohm resistance. Find the power supplied by the 6-V source.",30,Other Answers,,,A,,
consensus_error:730,consensus_error,730,Which special day is associated with this poster?,Earth Day.,Children's Day.,Father's Day.,Mother's Day,B,,
consensus_error:423,consensus_error,423,What is the position of the drum set in relation to the man playing guitar?,Directly behind,In front but to the side,To the right,To the left,A,,
distractor_similarity:430,distractor_similarity,430,How many soccer players are present in the image?,6,8,10,12,B,,
distractor_similarity:924,distractor_similarity,924,What will happen next?,this person is gonna cry,this person is gonna laugh,this person is gonna get mad,"both A,B, and C",A,,
distractor_similarity:363,distractor_similarity,363,What color is the text in the image?,White,Blue,Black,Grey,A,,
consensus_error:162,consensus_error,162,what style is depicted in this image?,impressionism,post-Impressionism,modernism,dadaism,A,,
visual_dependency:1474,visual_dependency,1474,Think about the magnetic force between the magnets in each pair. Which of the following statements is true?,The magnitude of the magnetic force is the same in both pairs.,The magnitude of the magnetic force is greater in Pair 2.,The magnitude of the magnetic force is greater in Pair 1.,,B,,
distractor_similarity:533,distractor_similarity,533,Where is the little girl standing in relation to the old woman in the dress in the image?,Behind her,To the right of her,In front of her,To the left of her,B,,
distractor_similarity:501,distractor_similarity,501,What is the approximate time of day in the image?,Morning,Evening,Noon,Night,C,,
visual_dependency:1413,visual_dependency,1413,"Which part is a fibrous, membranous, or fatty sheath that encloses an organ or part, such as the sac surrounding the kidney or the fibrous tissues that surround a joint?",B,H,G,J,D,,
visual_dependency:448,visual_dependency,448,What is the woman holding in her hand?,A book,A camera,A cell phone,Nothing,D,,
visual_dependency:963,visual_dependency,963,Think about the magnetic force between the magnets in each pair. Which of the following statements is true?,The magnitude of the magnetic force is the same in both pairs.,The magnitude of the magnetic force is greater in Pair 2.,The magnitude of the magnetic force is greater in Pair 1.,,B,,
distractor_similarity:1177,distractor_similarity,1177,"The figure shows (a) and (b) two sections, (a) is a circle of rectangular holes, (b) a square u and v with circular holes are the spindle of the center. There are four answers about the moment of inertia L. and I, among which the correct is<image 1>","l(a)>1,(a);l(b)=l(b)","l.(a) >L(a);l(b)>l,(b)","l.(a) >2(a);l(b)>l,(b)","l.(a) >L(a);l(b)>2,(b)",B,,
distractor_similarity:970,distractor_similarity,970,"Hint: Please answer the question and provide the correct option letter, e.g., A, B, C, D, at the end.
Question: What percentage of trees have leaves?",40,50,60,70,B,,
visual_dependency:546,visual_dependency,546,Which image shows the highest sharpness?,upper left,upper right,down left,down right,B,,
distractor_similarity:1099,distractor_similarity,1099,"Hint: Please answer the question and provide the correct option letter, e.g., A, B, C, D, at the end.
Question: Find $z$.",7,12,9,15,B,,
distractor_similarity:300,distractor_similarity,300,How many people are visible in this picture?,three,six,seven,eight,D,,
consensus_error:102,consensus_error,102,Does the image depict a balcony?,Yes,No,Cannot be determined,Not enough information,B,,
distractor_similarity:755,distractor_similarity,755,"Hint: Please answer the question and provide the correct option letter, e.g., A, B, C, D, at the end.
Question: Subtract all tiny shiny balls. Subtract all purple objects. How many objects are left?",4,8,2,6,B,,
distractor_similarity:308,distractor_similarity,308,How many horses are in the image?,1,2,4,3,C,,
distractor_similarity:1122,distractor_similarity,1122,"<image 1> Table 10.7 provides some hypothetical data on macroeconomic accounts for three countries represented by A, B, and C and measured in billions of currency units. In Table 10.7, private household saving is SH, tax revenue is T, government spending is G, and investment spending is I. Calculate the trade balance and the net inflow of foreign saving for each country(country A,B,C).","-700,250,0","-700,250,-100","-600,350,-100","-700,350,0",A,,
visual_dependency:689,visual_dependency,689,What's the function of the demonstrated object?,grill,filtration,flavouring,Pick-up,D,,
distractor_similarity:1209,distractor_similarity,1209,"Hint: Please answer the question and provide the correct option letter, e.g., A, B, C, D, at the end.
Question: Subtract all large yellow matte cubes. Subtract all metal things. How many objects are left?",6,2,8,4,B,,
distractor_similarity:605,distractor_similarity,605,Which of the following statements match the image?,A triangle is to the left of a pentagon.,A blue pentagon is to the right of a gray pentagon.,A blue square is to the left of a blue pentagon.,A blue pentagon is to the left of a gray shape.,B,,
distractor_similarity:986,distractor_similarity,986,what python code is gonna generate the result as shown in the image?,"thisdict = {
""brand"": ""Ford"",
""model"": ""Mustang"",
""year"": 1967
}
print(thisdict)","thisdict = {
""brand"": ""Ford"",
""model"": ""Mustang"",
""year"": 1967
}
print(thisdict[""brand""])","thisdict = {
""brand"": ""Ford"",
""electric"": False,
""year"": 1967,
""colors"": [""red"", ""white"", ""blue""]
}

print(thisdict)","thisdict = dict(name = ""John"", age = 39, country = ""Norway"")

print(thisdict)",D,,
distractor_similarity:32,distractor_similarity,32,What is the predominant feature in the image?,Cars,People,Buildings,Skyscrapers,D,,
visual_dependency:245,visual_dependency,245,Which category does this image belong to?,oil painting,sketch,digital art,photo,C,,
distractor_similarity:933,distractor_similarity,933,"Hint: Please answer the question and provide the correct option letter, e.g., A, B, C, D, at the end.
Question: How many sequences have negative Influence Scores?",0,1,2,4,C,,
distractor_similarity:1057,distractor_similarity,1057,"Kimpel Products makes pizza ovens for commercial use. James Kimpel, CEO, is contemplating producing smaller ovens for use in high school and college kitchens. The activities necessary to build an experimental model and related data are given in the following table: <image 1> What is the project completion date?","Slacks are: 0, 2, 11, 0, 2, 11, 0","Slacks are: 0, 3, 10, 0, 3, 10, 0","Slacks are: 0, 4, 9, 0, 4, 9, 0","Slacks are: 0, 5, 11, 0, 5, 11, 0",A,,
visual_dependency:711,visual_dependency,711,What's the function of the demonstrated object?,grill,filtration,flavouring,Pick-up,C,,
consensus_error:44,consensus_error,44,What kind of sport is being played in this image?,Soccer,Basketball,Football (American),Rugby,D,,
distractor_similarity:378,distractor_similarity,378,What is the color of the letter in the red circle?,Black,White,Red,Yellow,B,,
visual_dependency:491,visual_dependency,491,Where is the person in the Alice in Wonderland costume located?,In the middle of the image,Close to the right side of the image,Close to the left side of the image,At the bottom of the image,A,,
distractor_similarity:1171,distractor_similarity,1171,"Hint: Please answer the question and provide the correct option letter, e.g., A, B, C, D, at the end.
Question: 如图，一块直角三角板60°的角的顶点A与直角顶点C分别在两平行线FG，DE上，斜边AB平分∠CAG，交直线DE于点H，则∠BCH的大小为（）",60°,45°,30°,25°,C,,
distractor_similarity:471,distractor_similarity,471,How many drawers can be seen in the image?,One,Three,Two,Four,D,,
consensus_error:1261,consensus_error,1261,Which Diagram Shows spring Here ?,B,C,A,D,B,,
consensus_error:803,consensus_error,803,"Hint: Please answer the question and provide the correct option letter, e.g., A, B, C, D, at the end.
Question: Does Yellow Green have the maximum area under the curve?",yes,no,,,A,,
visual_dependency:401,visual_dependency,401,How many people are on the stage in the image?,Three,Two,One,Four,D,,
consensus_error:292,consensus_error,292,How many objects can be seen in the image that are green?,One,Four,Three,Two,D,,
consensus_error:1459,consensus_error,1459,"If F is sunlight, what must D be?",New Moon,First Quarter,Third Quarter,Full Moon,A,,
consensus_error:142,consensus_error,142,Which image is the brightest one?,upper left,upper right,down left,down right,C,,
visual_dependency:1014,visual_dependency,1014,"Hint: Please answer the question and provide the correct option letter, e.g., A, B, C, D, at the end.
Question: How many bars have values smaller than 6?",0,1,2,3,A,,
visual_dependency:936,visual_dependency,936,Which of these cities is marked on the map?,Miami,Atlanta,Nashville,Oklahoma City,B,,
consensus_error:756,consensus_error,756,Where is the woman holding her belly in the image?,With both hands,With her right hand,With her left hand,She's not holding her belly,B,,
visual_dependency:224,visual_dependency,224,Which one is the correct caption of this image?,A bunch of cars sitting still in the middle of a street,Two giraffes near a tree in the wild.,Small personal bathroom with a tiny entrance door.,An elephant drinking water while the rest of the herd is walking in dry grass.,D,,
visual_dependency:334,visual_dependency,334,"Hint: Please answer the question and provide the correct option letter, e.g., A, B, C, D, at the end.
Question: What is the value of the largest individual bar in the whole chart?",8,5,6,7,A,,
visual_dependency:566,visual_dependency,566,Which solution has a higher concentration of purple particles?,Solution B,neither; their concentrations are the same,Solution A,,A,,
visual_dependency:552,visual_dependency,552,What is the position of the bulldozer with respect to the wheat field?,Inside the wheat field,On the border of the wheat field,Outside the wheat field,Can't be determined,A,,
consensus_error:196,consensus_error,196,Which mood does this image convey?,Sad,Anxious,Happy,Angry,A,,
consensus_error:495,consensus_error,495,How many computer monitors are in this picture?,eight,one,three,four,D,,
distractor_similarity:455,distractor_similarity,455,How many colors are the eyes of the depicted animals?,Two,One,Three,Four,B,,
consensus_error:69,consensus_error,69,Which mood does this image convey?,Sad,Anxious,Happy,Angry,D,,
consensus_error:1250,consensus_error,1250,Which part is represented by the alphabet H?,flagellum,cytosol,cell wall,capsule,B,,
distractor_similarity:619,distractor_similarity,619,Compare the average kinetic energies of the particles in each sample. Which sample has the higher temperature?,neither; the samples have the same temperature,sample B,sample A,,B,,
consensus_error:445,consensus_error,445,What is the color of the shorts of the soccer player wearing a red and black uniform?,White and black,Yellow and green,Black and white,Blue and red,A,,
visual_dependency:296,visual_dependency,296,How many people are present in the image?,One,Three,Two,Four,B,,
visual_dependency:196,visual_dependency,196,Which mood does this image convey?,Sad,Anxious,Happy,Angry,A,,
consensus_error:699,consensus_error,699,What's the function of the demonstrated object?,increase passenger capacity and reduce traffic congestion,a sanitary facility used for excretion,used as decorations.,watch TV shows,A,,
consensus_error:1265,consensus_error,1265,What is represented by H?,The orbit of the earth.,The stages of the moon.,The gravitational pull of the moon.,The orbit of the moon.,C,,
visual_dependency:1319,visual_dependency,1319,What is E in the diagram?,crane fly,pupa,leatherjacket,eggs,A,,
distractor_similarity:265,distractor_similarity,265,How many gloves can be seen in this image?,One,Two,Three,Four,C,,
visual_dependency:84,visual_dependency,84,What is the primary focus of the people in the image?,Watching a performance,Standing in lines for a concert,Participating in a protest,Walking down the street,D,,
consensus_error:1280,consensus_error,1280,"With reference to <image 1>, let the lower node be the reference, and write the single nodal equation required to find $v_x$. What's the numerical value of $v_x$ in terms of V?",0.3,Other Answers,,,A,,
distractor_similarity:1459,distractor_similarity,1459,"If F is sunlight, what must D be?",New Moon,First Quarter,Third Quarter,Full Moon,A,,
consensus_error:1316,consensus_error,1316,Which of these leaf shapes are oblong?,Leaf type H,Leaf type A,Leaf type D,Leaf type C,B,,
visual_dependency:914,visual_dependency,914,"Hint: Please answer the question and provide the correct option letter, e.g., A, B, C, D, at the end.
Question: What is the value of the smallest bar?",0,4,2,3,B,,
visual_dependency:1254,visual_dependency,1254,Find the amplitude (in terms of V) of the phasor voltage $V_C$ in the circuit of <image 1>.,71.6,Other Answers,,,A,,
consensus_error:473,consensus_error,473,How many people are present in the image?,Four,Ten,Eight,Six,C,,
distractor_similarity:329,distractor_similarity,329,What color is the horse in the image?,Black,Brown,Grey,White,D,,
visual_dependency:1040,visual_dependency,1040,Which formula has the same calculation result with the formula in the figure?,(a+b)*(a-b),(a+b)*(a+b),(a-b)*(a-b),a-b,A,,
consensus_error:485,consensus_error,485,What color is the microphone in the image?,Silver,White,Black,Red,C,,
consensus_error:595,consensus_error,595,"Hint: Please answer the question and provide the correct option letter, e.g., A, B, C, D, at the end.
Question: Is the number of buss that are in front of the big yellow aeroplane less than the number of matte bicycles that are on the right side of the tiny thing?",Yes,No,,,A,,
distractor_similarity:373,distractor_similarity,373,What is the color of the rug in the image?,Brown,White,Grey,Black,B,,
visual_dependency:1233,visual_dependency,1233,"Hint: Please answer the question and provide the correct option letter, e.g., A, B, C, D, at the end.
Question: What is the value of the smallest individual bar in the whole chart?",5,10,20,30,C,,
consensus_error:1241,consensus_error,1241,"Hint: Please answer the question and provide the correct option letter, e.g., A, B, C, D, at the end.
Question: Find the value of $t$ in the parallelogram.",6,7,8,13,B,,
consensus_error:866,consensus_error,866,"Hint: Please answer the question and provide the correct option letter, e.g., A, B, C, D, at the end.
Question: Is Dark Periwinkle the roughest?",yes,no,,,A,,
distractor_similarity:322,distractor_similarity,322,How many people are standing on the stage in the image?,One,More than three,Three,Two,D,,
visual_dependency:1200,visual_dependency,1200,"Hint: Please answer the question and provide the correct option letter, e.g., A, B, C, D, at the end.
Question: Lily and her friends recorded their scores while playing a board game. Which score did the greatest number of people receive?'",10,12,8,7,C,,
distractor_similarity:316,distractor_similarity,316,How many people are walking down the snowy path?,1,3,2,4,D,,
visual_dependency:457,visual_dependency,457,How many referees are present in the image?,0,1,2,3,D,,
consensus_error:589,consensus_error,589,Which property do these four objects have in common?,sticky,hard,stretchy,,A,,
visual_dependency:718,visual_dependency,718,What's the profession of the people in this picture?,mason,postman,singer,soldier,D,,
distractor_similarity:770,distractor_similarity,770,Approximately what proportion of the picture is occupied by the bus in the image?,0.8,1,0.6,0.3,C,,
consensus_error:161,consensus_error,161,Identify the art style of this image.,oil paint,vector art,Baroque,watercolor,D,,
consensus_error:347,consensus_error,347,What is the material of the boots that the woman is wearing in the image?,Suede,Leather,Canvas,Synthetic,A,,
visual_dependency:1336,visual_dependency,1336,Stage 3 is shown at which letter?,C,A,B,E,B,,
consensus_error:510,consensus_error,510,What is the dominant color of the clothing worn by the models in the image?,Maroon,White,Black,Red,D,,
distractor_similarity:441,distractor_similarity,441,What color is the writing in the image?,Black,White,Blue,Red,B,,
consensus_error:309,consensus_error,309,How many people are visible in the image?,Two,One,Three,Four,D,,
consensus_error:477,consensus_error,477,How many people are on stage in the image?,One,Four,Three,Two,B,,
consensus_error:542,consensus_error,542,Which option describe the object relationship in the image correctly?,The cat is at the left side of the vase.,The cat is inside the vase.,The vase is facing away from the car.,The cat is in front of the vase.,B,,
consensus_error:387,consensus_error,387,What is the girl wearing in the image?,A white dress,An apron,A black sandal,A pink dress,B,,
visual_dependency:1452,visual_dependency,1452,What is depicted by letter L?,mars,jupiter,asteroids,comets,D,,
visual_dependency:54,visual_dependency,54,Which term matches the picture?,basket star,brittle star,,,A,,
consensus_error:358,consensus_error,358,Which term matches the picture?,filtration,centrifugation,,,A,,
distractor_similarity:409,distractor_similarity,409,What is the position of the grape in relation to the plate of walnuts?,The grape is on top of the plate of walnuts,The grape is below the plate of walnuts,The grape is to the right of the plate of walnuts,The grape is to the left of the plate of walnuts,A,,
consensus_error:223,consensus_error,223,Which mood does this image convey?,Sad,Anxious,Happy,Angry,D,,
